user_id,role,goal
4,Database Administrator,Enhance Data Visualization
9,Machine Learning Engineer,Advance in DevOps
26,Data Analyst,Deepen AI knowledge
43,Database Administrator,Enhance Data Visualization
57,Data Scientist,Deepen AI knowledge
65,Database Administrator,Deepen AI knowledge
98,Data Scientist,Deepen AI knowledge
119,Data Scientist,Advance in DevOps
122,Machine Learning Engineer,Optimize Databases
128,Data Scientist,Deepen AI knowledge
10,Data Scientist,Enhance Data Visualization
8,Data Analyst,Learn ML
18,Database Administrator,Strengthen Cybersecurity
20,AI Specialist,Optimize Databases
42,Machine Learning Engineer,Improve Python
51,Business Intelligence Analyst,Deepen AI knowledge
56,Data Analyst,Strengthen Cybersecurity
77,Cloud Engineer,Explore BI Tools
83,Cybersecurity Analyst,Deepen AI knowledge
87,Business Intelligence Analyst,Learn ML
97,Data Analyst,Master SQL
103,Data Analyst,Deepen AI knowledge
112,Cybersecurity Analyst,Improve Python
114,Cybersecurity Analyst,Strengthen Cybersecurity
117,DevOps Engineer,Improve Python
11,AI Specialist,Master SQL
13,Cybersecurity Analyst,Advance in DevOps
15,AI Specialist,Advance in DevOps
17,DevOps Engineer,Master SQL
22,DevOps Engineer,Improve Python
25,Software Engineer,Optimize Databases
31,Cybersecurity Analyst,Boost Cloud Skills
38,Data Analyst,Learn ML
39,Cybersecurity Analyst,Enhance Data Visualization
44,Database Administrator,Master SQL
62,Software Engineer,Master SQL
74,Machine Learning Engineer,Enhance Data Visualization
76,AI Specialist,Optimize Databases
79,Business Intelligence Analyst,Master SQL
86,Data Analyst,Improve Python
93,AI Specialist,Boost Cloud Skills
94,AI Specialist,Learn ML
95,Machine Learning Engineer,Optimize Databases
101,DevOps Engineer,Enhance Data Visualization
102,Cybersecurity Analyst,Advance in DevOps
104,Software Engineer,Improve Python
107,Data Scientist,Boost Cloud Skills
110,AI Specialist,Learn ML
6,Data Analyst,Advance in DevOps
16,Cloud Engineer,Enhance Data Visualization
23,Software Engineer,Enhance Data Visualization
28,Cloud Engineer,Deepen AI knowledge
36,Data Analyst,Optimize Databases
37,Software Engineer,Advance in DevOps
50,AI Specialist,Enhance Data Visualization
58,Business Intelligence Analyst,Deepen AI knowledge
63,Database Administrator,Improve Python
67,Data Analyst,Improve Python
78,Machine Learning Engineer,Explore BI Tools
85,Machine Learning Engineer,Optimize Databases
99,Data Analyst,Boost Cloud Skills
105,Software Engineer,Improve Python
108,Cybersecurity Analyst,Improve Python
111,Business Intelligence Analyst,Improve Python
116,Database Administrator,Master SQL
126,Software Engineer,Boost Cloud Skills
5,DevOps Engineer,Enhance Data Visualization
12,Database Administrator,Improve Python
14,Cybersecurity Analyst,Boost Cloud Skills
21,Machine Learning Engineer,Optimize Databases
41,Data Analyst,Master SQL
52,Database Administrator,Optimize Databases
53,Machine Learning Engineer,Strengthen Cybersecurity
61,Data Analyst,Enhance Data Visualization
71,Business Intelligence Analyst,Deepen AI knowledge
72,AI Specialist,Learn ML
81,DevOps Engineer,Strengthen Cybersecurity
89,Data Scientist,Master SQL
92,Data Analyst,Advance in DevOps
106,Machine Learning Engineer,Advance in DevOps
113,DevOps Engineer,Improve Python
115,Data Analyst,Deepen AI knowledge
121,DevOps Engineer,Strengthen Cybersecurity
1,Database Administrator,Enhance Data Visualization
2,Database Administrator,Deepen AI knowledge
3,Data Analyst,Deepen AI knowledge
7,Machine Learning Engineer,Learn ML
24,Cybersecurity Analyst,Explore BI Tools
34,Database Administrator,Enhance Data Visualization
47,Software Engineer,Deepen AI knowledge
55,Cybersecurity Analyst,Optimize Databases
60,Cybersecurity Analyst,Learn ML
73,Machine Learning Engineer,Advance in DevOps
123,AI Specialist,Enhance Data Visualization
127,Database Administrator,Learn ML
29,Software Engineer,Boost Cloud Skills
30,Cybersecurity Analyst,Improve Python
35,Software Engineer,Learn ML
40,DevOps Engineer,Boost Cloud Skills
54,Cybersecurity Analyst,Strengthen Cybersecurity
69,Data Scientist,Strengthen Cybersecurity
70,Database Administrator,Strengthen Cybersecurity
84,Machine Learning Engineer,Explore BI Tools
88,Data Analyst,Enhance Data Visualization
91,Business Intelligence Analyst,Strengthen Cybersecurity
96,Cybersecurity Analyst,Improve Python
100,Data Analyst,Improve Python
109,Data Scientist,Deepen AI knowledge
19,Database Administrator,Enhance Data Visualization
27,Machine Learning Engineer,Strengthen Cybersecurity
32,Cybersecurity Analyst,Boost Cloud Skills
33,Data Scientist,Optimize Databases
45,Data Scientist,Strengthen Cybersecurity
46,Business Intelligence Analyst,Boost Cloud Skills
48,AI Specialist,Advance in DevOps
49,Data Scientist,Master SQL
59,Machine Learning Engineer,Improve Python
64,Software Engineer,Learn ML
66,Software Engineer,Boost Cloud Skills
68,Machine Learning Engineer,Explore BI Tools
75,Data Analyst,Improve Python
80,Machine Learning Engineer,Explore BI Tools
82,Database Administrator,Enhance Data Visualization
90,Database Administrator,Explore BI Tools
118,Machine Learning Engineer,Enhance Data Visualization
120,Software Engineer,Advance in DevOps
124,Cybersecurity Analyst,Enhance Data Visualization
125,Cybersecurity Analyst,Deepen AI knowledge
129,Business Intelligence Analyst,Improve Python
131,Business Intelligence Analyst,Advance in DevOps
134,AI Specialist,Optimize Databases
146,Data Scientist,Learn ML
172,Business Intelligence Analyst,Boost Cloud Skills
184,Data Analyst,Advance in DevOps
205,Data Scientist,Boost Cloud Skills
229,Machine Learning Engineer,Explore BI Tools
236,Data Scientist,Master SQL
240,Cybersecurity Analyst,Optimize Databases
251,Data Analyst,Deepen AI knowledge
136,Software Engineer,Improve Python
138,Data Analyst,Deepen AI knowledge
148,Cloud Engineer,Master SQL
153,Database Administrator,Learn ML
158,Cloud Engineer,Deepen AI knowledge
159,Machine Learning Engineer,Optimize Databases
199,AI Specialist,Learn ML
210,Data Scientist,Deepen AI knowledge
215,Business Intelligence Analyst,Enhance Data Visualization
228,Cloud Engineer,Learn ML
237,Machine Learning Engineer,Boost Cloud Skills
241,DevOps Engineer,Learn ML
242,Data Analyst,Master SQL
247,Data Scientist,Enhance Data Visualization
256,Data Analyst,Master SQL
143,Cybersecurity Analyst,Deepen AI knowledge
147,Software Engineer,Improve Python
157,DevOps Engineer,Improve Python
160,DevOps Engineer,Strengthen Cybersecurity
162,Software Engineer,Master SQL
165,Machine Learning Engineer,Enhance Data Visualization
180,Software Engineer,Deepen AI knowledge
188,Business Intelligence Analyst,Strengthen Cybersecurity
217,Cybersecurity Analyst,Deepen AI knowledge
219,Software Engineer,Deepen AI knowledge
222,DevOps Engineer,Enhance Data Visualization
235,Software Engineer,Master SQL
132,Data Scientist,Master SQL
140,DevOps Engineer,Boost Cloud Skills
141,Software Engineer,Deepen AI knowledge
145,AI Specialist,Deepen AI knowledge
149,Business Intelligence Analyst,Improve Python
161,Machine Learning Engineer,Master SQL
171,Software Engineer,Boost Cloud Skills
173,Data Analyst,Explore BI Tools
175,DevOps Engineer,Boost Cloud Skills
189,Cybersecurity Analyst,Enhance Data Visualization
191,AI Specialist,Strengthen Cybersecurity
197,Machine Learning Engineer,Learn ML
198,Cloud Engineer,Learn ML
202,Cloud Engineer,Boost Cloud Skills
208,Software Engineer,Explore BI Tools
212,Business Intelligence Analyst,Strengthen Cybersecurity
227,AI Specialist,Master SQL
230,Machine Learning Engineer,Advance in DevOps
238,Business Intelligence Analyst,Optimize Databases
142,Machine Learning Engineer,Optimize Databases
144,Data Scientist,Advance in DevOps
156,Software Engineer,Strengthen Cybersecurity
169,Software Engineer,Improve Python
170,Data Analyst,Explore BI Tools
174,Business Intelligence Analyst,Learn ML
182,Software Engineer,Deepen AI knowledge
186,Data Scientist,Master SQL
192,Database Administrator,Deepen AI knowledge
195,Software Engineer,Enhance Data Visualization
200,Data Analyst,Advance in DevOps
214,Data Analyst,Optimize Databases
218,Software Engineer,Improve Python
224,Data Scientist,Deepen AI knowledge
225,Cybersecurity Analyst,Master SQL
232,Database Administrator,Master SQL
244,Database Administrator,Deepen AI knowledge
245,Cybersecurity Analyst,Strengthen Cybersecurity
248,DevOps Engineer,Learn ML
254,Software Engineer,Boost Cloud Skills
155,Machine Learning Engineer,Explore BI Tools
166,Cybersecurity Analyst,Strengthen Cybersecurity
167,Database Administrator,Learn ML
176,Database Administrator,Explore BI Tools
179,AI Specialist,Boost Cloud Skills
185,Cloud Engineer,Master SQL
190,Business Intelligence Analyst,Improve Python
203,DevOps Engineer,Explore BI Tools
207,Cybersecurity Analyst,Enhance Data Visualization
209,Cybersecurity Analyst,Deepen AI knowledge
211,Machine Learning Engineer,Explore BI Tools
220,Database Administrator,Strengthen Cybersecurity
221,Cloud Engineer,Optimize Databases
233,Cloud Engineer,Improve Python
234,Data Scientist,Advance in DevOps
239,Cybersecurity Analyst,Enhance Data Visualization
250,Machine Learning Engineer,Advance in DevOps
252,Database Administrator,Boost Cloud Skills
255,Data Analyst,Improve Python
133,AI Specialist,Strengthen Cybersecurity
139,Machine Learning Engineer,Optimize Databases
152,Machine Learning Engineer,Master SQL
154,AI Specialist,Advance in DevOps
164,Cybersecurity Analyst,Enhance Data Visualization
177,DevOps Engineer,Improve Python
187,Machine Learning Engineer,Master SQL
194,Database Administrator,Advance in DevOps
196,Data Analyst,Explore BI Tools
201,Business Intelligence Analyst,Optimize Databases
204,Software Engineer,Boost Cloud Skills
206,Data Scientist,Master SQL
216,Data Scientist,Master SQL
226,Database Administrator,Explore BI Tools
243,Machine Learning Engineer,Learn ML
246,Business Intelligence Analyst,Learn ML
249,Software Engineer,Boost Cloud Skills
253,DevOps Engineer,Master SQL
130,Cybersecurity Analyst,Strengthen Cybersecurity
135,Business Intelligence Analyst,Explore BI Tools
137,Business Intelligence Analyst,Strengthen Cybersecurity
150,Data Analyst,Master SQL
151,Machine Learning Engineer,Master SQL
163,DevOps Engineer,Advance in DevOps
168,AI Specialist,Deepen AI knowledge
178,Machine Learning Engineer,Master SQL
181,Data Scientist,Deepen AI knowledge
183,Software Engineer,Master SQL
193,AI Specialist,Learn ML
213,Machine Learning Engineer,Enhance Data Visualization
223,Data Scientist,Learn ML
231,AI Specialist,Explore BI Tools
258,Data Scientist,Boost Cloud Skills
288,AI Specialist,Explore BI Tools
265,DevOps Engineer,Learn ML
293,Cloud Engineer,Optimize Databases
306,Software Engineer,Boost Cloud Skills
311,Machine Learning Engineer,Advance in DevOps
322,Cybersecurity Analyst,Explore BI Tools
325,Machine Learning Engineer,Explore BI Tools
329,Cloud Engineer,Master SQL
331,Cybersecurity Analyst,Enhance Data Visualization
333,Business Intelligence Analyst,Improve Python
337,Cybersecurity Analyst,Enhance Data Visualization
339,Cloud Engineer,Enhance Data Visualization
352,Business Intelligence Analyst,Boost Cloud Skills
377,Cloud Engineer,Optimize Databases
276,Machine Learning Engineer,Improve Python
285,Database Administrator,Boost Cloud Skills
300,Machine Learning Engineer,Improve Python
304,Data Scientist,Optimize Databases
314,Cybersecurity Analyst,Strengthen Cybersecurity
343,Cloud Engineer,Deepen AI knowledge
344,Database Administrator,Optimize Databases
356,Cloud Engineer,Strengthen Cybersecurity
357,DevOps Engineer,Strengthen Cybersecurity
365,Data Scientist,Explore BI Tools
371,Database Administrator,Deepen AI knowledge
376,DevOps Engineer,Learn ML
380,Data Analyst,Deepen AI knowledge
381,Cybersecurity Analyst,Strengthen Cybersecurity
267,Cybersecurity Analyst,Improve Python
268,Business Intelligence Analyst,Deepen AI knowledge
270,Software Engineer,Strengthen Cybersecurity
272,AI Specialist,Advance in DevOps
275,Data Analyst,Boost Cloud Skills
280,Cybersecurity Analyst,Strengthen Cybersecurity
290,Cloud Engineer,Optimize Databases
298,DevOps Engineer,Deepen AI knowledge
315,Cybersecurity Analyst,Advance in DevOps
321,Business Intelligence Analyst,Master SQL
338,Data Scientist,Optimize Databases
342,Machine Learning Engineer,Boost Cloud Skills
348,Machine Learning Engineer,Strengthen Cybersecurity
353,AI Specialist,Learn ML
366,Software Engineer,Improve Python
367,Machine Learning Engineer,Master SQL
372,Data Scientist,Explore BI Tools
375,Cybersecurity Analyst,Advance in DevOps
261,Data Analyst,Learn ML
271,Machine Learning Engineer,Optimize Databases
262,Cybersecurity Analyst,Boost Cloud Skills
274,Cybersecurity Analyst,Optimize Databases
284,DevOps Engineer,Deepen AI knowledge
295,Cloud Engineer,Improve Python
307,Software Engineer,Improve Python
320,Database Administrator,Strengthen Cybersecurity
327,Data Analyst,Advance in DevOps
330,Database Administrator,Optimize Databases
350,DevOps Engineer,Master SQL
351,Machine Learning Engineer,Advance in DevOps
358,AI Specialist,Boost Cloud Skills
359,Data Analyst,Optimize Databases
361,Database Administrator,Strengthen Cybersecurity
379,Cybersecurity Analyst,Boost Cloud Skills
383,Business Intelligence Analyst,Master SQL
257,DevOps Engineer,Strengthen Cybersecurity
273,Machine Learning Engineer,Strengthen Cybersecurity
277,DevOps Engineer,Learn ML
283,AI Specialist,Improve Python
294,Software Engineer,Boost Cloud Skills
296,Business Intelligence Analyst,Advance in DevOps
308,Data Scientist,Boost Cloud Skills
309,Business Intelligence Analyst,Learn ML
312,DevOps Engineer,Boost Cloud Skills
313,Cybersecurity Analyst,Optimize Databases
317,Data Analyst,Master SQL
340,AI Specialist,Learn ML
363,Data Analyst,Strengthen Cybersecurity
374,Machine Learning Engineer,Deepen AI knowledge
263,AI Specialist,Deepen AI knowledge
269,AI Specialist,Deepen AI knowledge
281,AI Specialist,Improve Python
286,DevOps Engineer,Advance in DevOps
287,Business Intelligence Analyst,Optimize Databases
289,Data Analyst,Advance in DevOps
292,DevOps Engineer,Boost Cloud Skills
302,Software Engineer,Boost Cloud Skills
303,AI Specialist,Master SQL
319,Data Scientist,Enhance Data Visualization
323,Cloud Engineer,Learn ML
328,Cybersecurity Analyst,Enhance Data Visualization
341,Cloud Engineer,Improve Python
354,Data Analyst,Enhance Data Visualization
355,AI Specialist,Enhance Data Visualization
360,Database Administrator,Improve Python
373,Cloud Engineer,Learn ML
382,Data Scientist,Improve Python
259,Database Administrator,Advance in DevOps
260,AI Specialist,Strengthen Cybersecurity
264,Business Intelligence Analyst,Optimize Databases
279,Data Analyst,Advance in DevOps
282,Cybersecurity Analyst,Learn ML
297,Business Intelligence Analyst,Advance in DevOps
305,Machine Learning Engineer,Learn ML
316,Machine Learning Engineer,Advance in DevOps
318,AI Specialist,Strengthen Cybersecurity
324,Business Intelligence Analyst,Master SQL
334,DevOps Engineer,Optimize Databases
335,Business Intelligence Analyst,Improve Python
336,Cloud Engineer,Optimize Databases
345,Cybersecurity Analyst,Enhance Data Visualization
346,Machine Learning Engineer,Deepen AI knowledge
347,Cloud Engineer,Explore BI Tools
362,DevOps Engineer,Explore BI Tools
368,DevOps Engineer,Master SQL
370,Data Scientist,Strengthen Cybersecurity
378,Software Engineer,Improve Python
266,Data Analyst,Explore BI Tools
278,Cybersecurity Analyst,Deepen AI knowledge
291,Database Administrator,Strengthen Cybersecurity
299,Cloud Engineer,Advance in DevOps
301,Data Analyst,Deepen AI knowledge
310,Software Engineer,Improve Python
326,Data Analyst,Deepen AI knowledge
332,Data Scientist,Deepen AI knowledge
349,Data Scientist,Optimize Databases
364,Data Analyst,Master SQL
369,Cybersecurity Analyst,Boost Cloud Skills
384,Cloud Engineer,Explore BI Tools
388,Data Scientist,Improve Python
385,Data Scientist,Advance in DevOps
398,Machine Learning Engineer,Master SQL
405,Cloud Engineer,Explore BI Tools
418,Cybersecurity Analyst,Advance in DevOps
429,Database Administrator,Optimize Databases
409,Business Intelligence Analyst,Master SQL
416,Machine Learning Engineer,Strengthen Cybersecurity
420,Cybersecurity Analyst,Advance in DevOps
437,Database Administrator,Master SQL
444,Cybersecurity Analyst,Master SQL
390,Software Engineer,Advance in DevOps
391,Cybersecurity Analyst,Master SQL
399,Software Engineer,Master SQL
400,Cloud Engineer,Optimize Databases
408,Data Analyst,Explore BI Tools
413,Database Administrator,Master SQL
417,AI Specialist,Optimize Databases
421,Data Scientist,Explore BI Tools
422,Business Intelligence Analyst,Enhance Data Visualization
438,Business Intelligence Analyst,Optimize Databases
443,Database Administrator,Deepen AI knowledge
393,Cloud Engineer,Improve Python
392,Cybersecurity Analyst,Advance in DevOps
397,Cybersecurity Analyst,Optimize Databases
401,Database Administrator,Deepen AI knowledge
404,Data Scientist,Optimize Databases
411,Business Intelligence Analyst,Boost Cloud Skills
428,Cloud Engineer,Boost Cloud Skills
430,Machine Learning Engineer,Master SQL
431,Cybersecurity Analyst,Enhance Data Visualization
432,Data Scientist,Enhance Data Visualization
434,DevOps Engineer,Strengthen Cybersecurity
445,Data Analyst,Improve Python
387,Database Administrator,Master SQL
407,Database Administrator,Advance in DevOps
440,Data Scientist,Learn ML
446,Database Administrator,Explore BI Tools
394,DevOps Engineer,Strengthen Cybersecurity
396,Cybersecurity Analyst,Optimize Databases
403,Data Analyst,Optimize Databases
412,Business Intelligence Analyst,Enhance Data Visualization
414,DevOps Engineer,Enhance Data Visualization
427,Cloud Engineer,Advance in DevOps
433,Cybersecurity Analyst,Strengthen Cybersecurity
435,Data Analyst,Strengthen Cybersecurity
439,Data Scientist,Learn ML
389,Cybersecurity Analyst,Explore BI Tools
386,Data Analyst,Boost Cloud Skills
402,Data Analyst,Strengthen Cybersecurity
406,Business Intelligence Analyst,Master SQL
410,DevOps Engineer,Optimize Databases
415,Business Intelligence Analyst,Learn ML
419,Software Engineer,Deepen AI knowledge
442,Database Administrator,Improve Python
395,Machine Learning Engineer,Enhance Data Visualization
423,Data Analyst,Explore BI Tools
424,Cloud Engineer,Boost Cloud Skills
425,Data Scientist,Learn ML
426,Database Administrator,Advance in DevOps
436,Data Scientist,Enhance Data Visualization
441,AI Specialist,Boost Cloud Skills
447,Software Engineer,Strengthen Cybersecurity
448,Database Administrator,Explore BI Tools
451,Data Analyst,Improve Python
452,Machine Learning Engineer,Advance in DevOps
476,Data Scientist,Deepen AI knowledge
480,Software Engineer,Optimize Databases
490,Software Engineer,Explore BI Tools
506,Database Administrator,Deepen AI knowledge
510,Software Engineer,Strengthen Cybersecurity
515,Machine Learning Engineer,Deepen AI knowledge
520,Database Administrator,Improve Python
527,Software Engineer,Strengthen Cybersecurity
549,AI Specialist,Strengthen Cybersecurity
559,Business Intelligence Analyst,Optimize Databases
566,Machine Learning Engineer,Enhance Data Visualization
571,Software Engineer,Boost Cloud Skills
460,Cybersecurity Analyst,Explore BI Tools
461,Software Engineer,Optimize Databases
469,Software Engineer,Explore BI Tools
470,Database Administrator,Strengthen Cybersecurity
474,AI Specialist,Improve Python
477,AI Specialist,Improve Python
483,Data Analyst,Enhance Data Visualization
484,Data Scientist,Strengthen Cybersecurity
486,Database Administrator,Improve Python
492,DevOps Engineer,Advance in DevOps
500,Cybersecurity Analyst,Strengthen Cybersecurity
542,Cloud Engineer,Learn ML
548,Business Intelligence Analyst,Learn ML
550,Database Administrator,Explore BI Tools
575,Business Intelligence Analyst,Advance in DevOps
468,Machine Learning Engineer,Advance in DevOps
458,Cloud Engineer,Enhance Data Visualization
479,Software Engineer,Optimize Databases
487,DevOps Engineer,Explore BI Tools
488,Cybersecurity Analyst,Deepen AI knowledge
495,Data Analyst,Strengthen Cybersecurity
498,AI Specialist,Enhance Data Visualization
505,Business Intelligence Analyst,Learn ML
513,Business Intelligence Analyst,Advance in DevOps
528,Software Engineer,Boost Cloud Skills
531,Cloud Engineer,Enhance Data Visualization
545,Cybersecurity Analyst,Deepen AI knowledge
547,Machine Learning Engineer,Enhance Data Visualization
554,Cloud Engineer,Master SQL
558,Data Analyst,Advance in DevOps
485,DevOps Engineer,Master SQL
493,Cloud Engineer,Enhance Data Visualization
504,Cybersecurity Analyst,Explore BI Tools
514,Data Analyst,Learn ML
529,DevOps Engineer,Explore BI Tools
530,Data Analyst,Master SQL
543,Data Scientist,Boost Cloud Skills
546,Business Intelligence Analyst,Advance in DevOps
555,Cybersecurity Analyst,Boost Cloud Skills
573,DevOps Engineer,Optimize Databases
449,Software Engineer,Learn ML
450,Business Intelligence Analyst,Deepen AI knowledge
453,Data Scientist,Optimize Databases
455,Cybersecurity Analyst,Enhance Data Visualization
496,Software Engineer,Strengthen Cybersecurity
507,Database Administrator,Deepen AI knowledge
509,Cloud Engineer,Deepen AI knowledge
511,Cybersecurity Analyst,Optimize Databases
512,Business Intelligence Analyst,Deepen AI knowledge
517,Data Scientist,Strengthen Cybersecurity
534,Data Scientist,Deepen AI knowledge
552,Data Scientist,Explore BI Tools
556,Data Scientist,Optimize Databases
563,DevOps Engineer,Strengthen Cybersecurity
564,Software Engineer,Optimize Databases
574,Cybersecurity Analyst,Advance in DevOps
457,Software Engineer,Boost Cloud Skills
459,Data Analyst,Improve Python
462,Cybersecurity Analyst,Boost Cloud Skills
466,Cloud Engineer,Improve Python
481,Cloud Engineer,Improve Python
491,Data Scientist,Optimize Databases
494,Business Intelligence Analyst,Enhance Data Visualization
508,Data Scientist,Boost Cloud Skills
518,AI Specialist,Enhance Data Visualization
523,Software Engineer,Strengthen Cybersecurity
524,DevOps Engineer,Explore BI Tools
532,Machine Learning Engineer,Optimize Databases
535,Software Engineer,Improve Python
537,Data Analyst,Boost Cloud Skills
541,AI Specialist,Optimize Databases
544,DevOps Engineer,Boost Cloud Skills
557,Cybersecurity Analyst,Master SQL
560,Cybersecurity Analyst,Explore BI Tools
562,Database Administrator,Boost Cloud Skills
567,Database Administrator,Strengthen Cybersecurity
569,Machine Learning Engineer,Enhance Data Visualization
454,Data Analyst,Deepen AI knowledge
464,Cybersecurity Analyst,Learn ML
465,Data Analyst,Enhance Data Visualization
475,Machine Learning Engineer,Strengthen Cybersecurity
478,Database Administrator,Boost Cloud Skills
482,Data Analyst,Boost Cloud Skills
497,Data Scientist,Learn ML
499,Machine Learning Engineer,Optimize Databases
501,Cloud Engineer,Improve Python
516,Data Scientist,Deepen AI knowledge
521,AI Specialist,Strengthen Cybersecurity
525,Machine Learning Engineer,Strengthen Cybersecurity
526,Machine Learning Engineer,Improve Python
536,AI Specialist,Boost Cloud Skills
540,Business Intelligence Analyst,Master SQL
551,Cloud Engineer,Deepen AI knowledge
553,Business Intelligence Analyst,Explore BI Tools
561,Cloud Engineer,Explore BI Tools
565,Database Administrator,Improve Python
572,Cloud Engineer,Enhance Data Visualization
456,Data Scientist,Deepen AI knowledge
463,Cybersecurity Analyst,Deepen AI knowledge
467,Software Engineer,Improve Python
471,Data Scientist,Boost Cloud Skills
472,Cloud Engineer,Learn ML
473,Data Analyst,Explore BI Tools
489,Machine Learning Engineer,Advance in DevOps
502,Database Administrator,Optimize Databases
503,Cloud Engineer,Improve Python
519,Data Scientist,Master SQL
522,Business Intelligence Analyst,Deepen AI knowledge
533,Data Analyst,Enhance Data Visualization
538,Data Analyst,Strengthen Cybersecurity
539,Machine Learning Engineer,Optimize Databases
568,Cybersecurity Analyst,Optimize Databases
570,Database Administrator,Deepen AI knowledge
576,Data Scientist,Boost Cloud Skills
581,Data Scientist,Optimize Databases
579,Data Analyst,Advance in DevOps
596,Data Scientist,Deepen AI knowledge
604,Data Scientist,Explore BI Tools
627,Software Engineer,Master SQL
628,Cloud Engineer,Optimize Databases
633,Software Engineer,Optimize Databases
592,Cybersecurity Analyst,Strengthen Cybersecurity
605,Software Engineer,Master SQL
609,Data Analyst,Optimize Databases
620,Machine Learning Engineer,Master SQL
631,Database Administrator,Enhance Data Visualization
637,Business Intelligence Analyst,Optimize Databases
638,AI Specialist,Deepen AI knowledge
577,AI Specialist,Master SQL
585,Cybersecurity Analyst,Deepen AI knowledge
589,Business Intelligence Analyst,Explore BI Tools
599,AI Specialist,Strengthen Cybersecurity
625,Data Analyst,Optimize Databases
626,Database Administrator,Improve Python
636,Business Intelligence Analyst,Master SQL
587,Database Administrator,Enhance Data Visualization
590,AI Specialist,Boost Cloud Skills
610,Cloud Engineer,Deepen AI knowledge
619,Machine Learning Engineer,Enhance Data Visualization
630,Data Scientist,Advance in DevOps
632,Data Analyst,Boost Cloud Skills
635,Data Analyst,Advance in DevOps
593,Machine Learning Engineer,Optimize Databases
597,Data Scientist,Explore BI Tools
603,Cybersecurity Analyst,Explore BI Tools
640,Machine Learning Engineer,Optimize Databases
578,Business Intelligence Analyst,Master SQL
582,Cloud Engineer,Advance in DevOps
580,Cybersecurity Analyst,Master SQL
583,Data Analyst,Enhance Data Visualization
595,Cloud Engineer,Advance in DevOps
600,Business Intelligence Analyst,Master SQL
601,Cloud Engineer,Strengthen Cybersecurity
612,Software Engineer,Explore BI Tools
618,Software Engineer,Advance in DevOps
622,Software Engineer,Master SQL
623,Data Analyst,Enhance Data Visualization
624,Machine Learning Engineer,Strengthen Cybersecurity
629,Business Intelligence Analyst,Strengthen Cybersecurity
634,Database Administrator,Enhance Data Visualization
639,Cybersecurity Analyst,Enhance Data Visualization
584,AI Specialist,Boost Cloud Skills
591,Cybersecurity Analyst,Advance in DevOps
594,Business Intelligence Analyst,Improve Python
598,Data Analyst,Enhance Data Visualization
602,Data Analyst,Optimize Databases
606,Machine Learning Engineer,Enhance Data Visualization
607,Cloud Engineer,Deepen AI knowledge
608,Data Analyst,Enhance Data Visualization
613,Cybersecurity Analyst,Learn ML
614,Data Scientist,Improve Python
615,Business Intelligence Analyst,Deepen AI knowledge
586,Business Intelligence Analyst,Enhance Data Visualization
588,Business Intelligence Analyst,Improve Python
611,Database Administrator,Enhance Data Visualization
616,Cloud Engineer,Learn ML
617,AI Specialist,Advance in DevOps
621,AI Specialist,Enhance Data Visualization
642,DevOps Engineer,Strengthen Cybersecurity
664,Business Intelligence Analyst,Enhance Data Visualization
648,Cybersecurity Analyst,Deepen AI knowledge
652,Database Administrator,Learn ML
656,Software Engineer,Advance in DevOps
658,Cloud Engineer,Explore BI Tools
666,Cloud Engineer,Deepen AI knowledge
676,Machine Learning Engineer,Optimize Databases
691,Business Intelligence Analyst,Master SQL
701,Machine Learning Engineer,Master SQL
702,Database Administrator,Boost Cloud Skills
711,Data Scientist,Master SQL
713,Cybersecurity Analyst,Explore BI Tools
729,Software Engineer,Master SQL
731,DevOps Engineer,Learn ML
740,Database Administrator,Strengthen Cybersecurity
742,AI Specialist,Learn ML
744,Cloud Engineer,Deepen AI knowledge
757,Cloud Engineer,Learn ML
760,Cybersecurity Analyst,Optimize Databases
769,Database Administrator,Master SQL
782,Business Intelligence Analyst,Optimize Databases
783,Cloud Engineer,Boost Cloud Skills
794,Business Intelligence Analyst,Boost Cloud Skills
806,Database Administrator,Optimize Databases
808,Software Engineer,Explore BI Tools
810,Data Analyst,Master SQL
813,Cybersecurity Analyst,Learn ML
823,Business Intelligence Analyst,Deepen AI knowledge
894,Machine Learning Engineer,Advance in DevOps
677,Software Engineer,Explore BI Tools
678,AI Specialist,Master SQL
682,Data Analyst,Optimize Databases
686,Database Administrator,Learn ML
700,Cybersecurity Analyst,Strengthen Cybersecurity
715,Data Analyst,Boost Cloud Skills
721,Cybersecurity Analyst,Deepen AI knowledge
730,Machine Learning Engineer,Boost Cloud Skills
743,DevOps Engineer,Enhance Data Visualization
750,Data Analyst,Optimize Databases
756,Cloud Engineer,Explore BI Tools
762,Database Administrator,Master SQL
774,DevOps Engineer,Optimize Databases
777,Data Scientist,Strengthen Cybersecurity
791,AI Specialist,Enhance Data Visualization
792,Database Administrator,Explore BI Tools
796,Cybersecurity Analyst,Advance in DevOps
797,DevOps Engineer,Explore BI Tools
820,Software Engineer,Deepen AI knowledge
835,Data Analyst,Improve Python
855,DevOps Engineer,Deepen AI knowledge
859,Machine Learning Engineer,Optimize Databases
860,Data Scientist,Enhance Data Visualization
863,Cybersecurity Analyst,Master SQL
864,Data Scientist,Boost Cloud Skills
869,AI Specialist,Optimize Databases
873,Machine Learning Engineer,Learn ML
878,Cloud Engineer,Advance in DevOps
882,Database Administrator,Learn ML
885,Business Intelligence Analyst,Strengthen Cybersecurity
896,DevOps Engineer,Deepen AI knowledge
645,Data Scientist,Improve Python
641,Business Intelligence Analyst,Explore BI Tools
650,Cloud Engineer,Boost Cloud Skills
651,Software Engineer,Boost Cloud Skills
655,Machine Learning Engineer,Strengthen Cybersecurity
659,DevOps Engineer,Boost Cloud Skills
667,DevOps Engineer,Improve Python
672,Data Analyst,Strengthen Cybersecurity
688,AI Specialist,Deepen AI knowledge
690,Business Intelligence Analyst,Explore BI Tools
694,Business Intelligence Analyst,Learn ML
695,Software Engineer,Optimize Databases
705,AI Specialist,Boost Cloud Skills
728,Data Scientist,Strengthen Cybersecurity
735,Business Intelligence Analyst,Master SQL
738,Business Intelligence Analyst,Advance in DevOps
739,Database Administrator,Explore BI Tools
741,Data Analyst,Strengthen Cybersecurity
749,DevOps Engineer,Master SQL
753,AI Specialist,Enhance Data Visualization
754,Data Analyst,Enhance Data Visualization
770,AI Specialist,Master SQL
789,Database Administrator,Advance in DevOps
812,Cybersecurity Analyst,Learn ML
822,AI Specialist,Optimize Databases
831,Business Intelligence Analyst,Boost Cloud Skills
832,Database Administrator,Advance in DevOps
838,Cloud Engineer,Enhance Data Visualization
842,DevOps Engineer,Learn ML
846,Software Engineer,Master SQL
852,Database Administrator,Master SQL
876,Data Analyst,Master SQL
886,Cybersecurity Analyst,Explore BI Tools
643,Business Intelligence Analyst,Learn ML
646,Software Engineer,Improve Python
647,Database Administrator,Strengthen Cybersecurity
669,AI Specialist,Learn ML
673,Data Scientist,Learn ML
680,Cybersecurity Analyst,Advance in DevOps
681,AI Specialist,Strengthen Cybersecurity
698,Business Intelligence Analyst,Advance in DevOps
708,AI Specialist,Improve Python
732,Machine Learning Engineer,Improve Python
737,Cloud Engineer,Explore BI Tools
751,Software Engineer,Master SQL
758,Data Analyst,Optimize Databases
798,Cloud Engineer,Master SQL
805,Data Scientist,Deepen AI knowledge
815,Data Scientist,Improve Python
818,Machine Learning Engineer,Improve Python
825,DevOps Engineer,Explore BI Tools
829,AI Specialist,Enhance Data Visualization
830,AI Specialist,Explore BI Tools
833,Cybersecurity Analyst,Optimize Databases
836,Machine Learning Engineer,Enhance Data Visualization
839,DevOps Engineer,Master SQL
849,Data Analyst,Boost Cloud Skills
862,Data Scientist,Improve Python
872,Cybersecurity Analyst,Strengthen Cybersecurity
883,AI Specialist,Improve Python
887,DevOps Engineer,Boost Cloud Skills
654,Data Scientist,Boost Cloud Skills
657,Cybersecurity Analyst,Master SQL
665,AI Specialist,Strengthen Cybersecurity
675,Database Administrator,Improve Python
683,AI Specialist,Strengthen Cybersecurity
685,Machine Learning Engineer,Advance in DevOps
696,Cybersecurity Analyst,Boost Cloud Skills
717,AI Specialist,Boost Cloud Skills
722,Business Intelligence Analyst,Learn ML
725,Data Analyst,Explore BI Tools
726,Software Engineer,Improve Python
727,Machine Learning Engineer,Strengthen Cybersecurity
736,Software Engineer,Master SQL
745,Database Administrator,Deepen AI knowledge
748,Machine Learning Engineer,Optimize Databases
752,Database Administrator,Deepen AI knowledge
764,Data Analyst,Explore BI Tools
765,Data Scientist,Deepen AI knowledge
775,Database Administrator,Optimize Databases
787,Database Administrator,Boost Cloud Skills
788,DevOps Engineer,Improve Python
795,Data Analyst,Deepen AI knowledge
804,Software Engineer,Strengthen Cybersecurity
809,Database Administrator,Improve Python
811,Software Engineer,Optimize Databases
814,AI Specialist,Master SQL
817,Software Engineer,Optimize Databases
819,Database Administrator,Master SQL
834,Business Intelligence Analyst,Improve Python
843,Software Engineer,Explore BI Tools
866,Software Engineer,Boost Cloud Skills
874,Data Scientist,Advance in DevOps
879,Database Administrator,Learn ML
888,Data Analyst,Advance in DevOps
668,Machine Learning Engineer,Improve Python
670,Machine Learning Engineer,Enhance Data Visualization
687,AI Specialist,Improve Python
699,AI Specialist,Enhance Data Visualization
710,Software Engineer,Master SQL
712,Software Engineer,Strengthen Cybersecurity
716,Cloud Engineer,Master SQL
719,Machine Learning Engineer,Strengthen Cybersecurity
733,Machine Learning Engineer,Boost Cloud Skills
766,Machine Learning Engineer,Strengthen Cybersecurity
768,AI Specialist,Advance in DevOps
771,Data Analyst,Boost Cloud Skills
773,DevOps Engineer,Deepen AI knowledge
776,Database Administrator,Strengthen Cybersecurity
779,Software Engineer,Improve Python
781,Data Analyst,Explore BI Tools
785,Database Administrator,Deepen AI knowledge
786,Data Scientist,Learn ML
790,DevOps Engineer,Enhance Data Visualization
800,AI Specialist,Master SQL
801,Data Analyst,Improve Python
821,Data Scientist,Improve Python
837,DevOps Engineer,Enhance Data Visualization
840,Database Administrator,Optimize Databases
848,DevOps Engineer,Boost Cloud Skills
853,Cloud Engineer,Improve Python
854,Data Analyst,Learn ML
858,Software Engineer,Explore BI Tools
875,DevOps Engineer,Boost Cloud Skills
880,Cybersecurity Analyst,Improve Python
881,Software Engineer,Deepen AI knowledge
884,DevOps Engineer,Improve Python
892,Cybersecurity Analyst,Advance in DevOps
895,Data Analyst,Deepen AI knowledge
644,Database Administrator,Master SQL
671,Database Administrator,Deepen AI knowledge
679,Cloud Engineer,Boost Cloud Skills
692,Cybersecurity Analyst,Enhance Data Visualization
693,Cybersecurity Analyst,Boost Cloud Skills
697,Business Intelligence Analyst,Explore BI Tools
703,Database Administrator,Boost Cloud Skills
704,DevOps Engineer,Master SQL
714,Business Intelligence Analyst,Explore BI Tools
723,DevOps Engineer,Explore BI Tools
724,Database Administrator,Enhance Data Visualization
747,Database Administrator,Master SQL
761,Cybersecurity Analyst,Explore BI Tools
763,Database Administrator,Advance in DevOps
767,Machine Learning Engineer,Boost Cloud Skills
784,Machine Learning Engineer,Optimize Databases
802,Cloud Engineer,Deepen AI knowledge
807,Database Administrator,Optimize Databases
816,Machine Learning Engineer,Learn ML
826,DevOps Engineer,Enhance Data Visualization
841,Data Scientist,Enhance Data Visualization
847,Machine Learning Engineer,Learn ML
856,DevOps Engineer,Strengthen Cybersecurity
857,DevOps Engineer,Explore BI Tools
861,Data Scientist,Strengthen Cybersecurity
865,DevOps Engineer,Enhance Data Visualization
870,Database Administrator,Advance in DevOps
871,Machine Learning Engineer,Boost Cloud Skills
877,Cloud Engineer,Explore BI Tools
889,Machine Learning Engineer,Enhance Data Visualization
891,Cloud Engineer,Explore BI Tools
649,Business Intelligence Analyst,Deepen AI knowledge
653,DevOps Engineer,Learn ML
660,Machine Learning Engineer,Deepen AI knowledge
661,Data Analyst,Master SQL
662,Data Scientist,Advance in DevOps
663,Machine Learning Engineer,Learn ML
674,Data Analyst,Advance in DevOps
684,Business Intelligence Analyst,Improve Python
689,Database Administrator,Deepen AI knowledge
706,DevOps Engineer,Optimize Databases
707,DevOps Engineer,Enhance Data Visualization
709,Machine Learning Engineer,Advance in DevOps
718,Software Engineer,Deepen AI knowledge
720,Software Engineer,Boost Cloud Skills
734,Business Intelligence Analyst,Improve Python
746,Cybersecurity Analyst,Boost Cloud Skills
755,Database Administrator,Explore BI Tools
759,Software Engineer,Optimize Databases
772,Software Engineer,Optimize Databases
778,Data Analyst,Enhance Data Visualization
780,Business Intelligence Analyst,Improve Python
793,Data Analyst,Optimize Databases
799,Cybersecurity Analyst,Explore BI Tools
803,Business Intelligence Analyst,Master SQL
824,Cybersecurity Analyst,Advance in DevOps
827,Cybersecurity Analyst,Advance in DevOps
828,Database Administrator,Deepen AI knowledge
844,AI Specialist,Enhance Data Visualization
845,DevOps Engineer,Learn ML
850,DevOps Engineer,Learn ML
851,DevOps Engineer,Optimize Databases
867,DevOps Engineer,Improve Python
868,DevOps Engineer,Strengthen Cybersecurity
890,Software Engineer,Advance in DevOps
893,Cybersecurity Analyst,Improve Python
904,Cybersecurity Analyst,Improve Python
906,Data Analyst,Improve Python
912,DevOps Engineer,Optimize Databases
922,DevOps Engineer,Strengthen Cybersecurity
925,Data Analyst,Deepen AI knowledge
933,Data Analyst,Improve Python
935,Database Administrator,Strengthen Cybersecurity
982,Data Scientist,Advance in DevOps
990,Database Administrator,Learn ML
991,Cybersecurity Analyst,Learn ML
914,Machine Learning Engineer,Enhance Data Visualization
934,Database Administrator,Enhance Data Visualization
947,Data Analyst,Deepen AI knowledge
951,AI Specialist,Master SQL
952,Data Analyst,Learn ML
957,Cloud Engineer,Master SQL
959,Business Intelligence Analyst,Boost Cloud Skills
969,Cybersecurity Analyst,Explore BI Tools
970,Database Administrator,Advance in DevOps
973,Cybersecurity Analyst,Enhance Data Visualization
993,Business Intelligence Analyst,Explore BI Tools
1000,AI Specialist,Boost Cloud Skills
918,Cybersecurity Analyst,Boost Cloud Skills
928,Data Scientist,Learn ML
939,Data Analyst,Explore BI Tools
945,Data Scientist,Explore BI Tools
949,Data Scientist,Advance in DevOps
953,Data Analyst,Learn ML
968,Cybersecurity Analyst,Optimize Databases
974,Cloud Engineer,Advance in DevOps
980,Business Intelligence Analyst,Improve Python
981,AI Specialist,Explore BI Tools
984,AI Specialist,Strengthen Cybersecurity
985,Data Scientist,Advance in DevOps
992,Data Scientist,Enhance Data Visualization
998,Cybersecurity Analyst,Enhance Data Visualization
999,AI Specialist,Deepen AI knowledge
903,Cybersecurity Analyst,Master SQL
907,Business Intelligence Analyst,Master SQL
908,Software Engineer,Improve Python
911,AI Specialist,Learn ML
913,Data Analyst,Improve Python
929,Data Analyst,Explore BI Tools
937,Cybersecurity Analyst,Master SQL
940,Cloud Engineer,Advance in DevOps
946,Software Engineer,Deepen AI knowledge
962,DevOps Engineer,Master SQL
966,Data Analyst,Advance in DevOps
977,Software Engineer,Improve Python
988,Data Scientist,Master SQL
995,DevOps Engineer,Improve Python
996,Software Engineer,Deepen AI knowledge
897,Software Engineer,Advance in DevOps
902,Cybersecurity Analyst,Optimize Databases
905,Software Engineer,Enhance Data Visualization
919,Data Scientist,Learn ML
926,Cybersecurity Analyst,Optimize Databases
938,Business Intelligence Analyst,Advance in DevOps
950,Machine Learning Engineer,Master SQL
971,Cybersecurity Analyst,Learn ML
986,DevOps Engineer,Enhance Data Visualization
989,Machine Learning Engineer,Optimize Databases
898,Machine Learning Engineer,Strengthen Cybersecurity
899,Machine Learning Engineer,Optimize Databases
901,Cybersecurity Analyst,Advance in DevOps
909,Data Analyst,Enhance Data Visualization
916,Cloud Engineer,Enhance Data Visualization
917,Database Administrator,Deepen AI knowledge
921,Cloud Engineer,Optimize Databases
924,AI Specialist,Explore BI Tools
944,Cybersecurity Analyst,Optimize Databases
960,Software Engineer,Boost Cloud Skills
961,Cybersecurity Analyst,Advance in DevOps
963,Cybersecurity Analyst,Optimize Databases
976,Software Engineer,Strengthen Cybersecurity
920,Cloud Engineer,Learn ML
900,Machine Learning Engineer,Strengthen Cybersecurity
923,Cybersecurity Analyst,Explore BI Tools
930,Cloud Engineer,Strengthen Cybersecurity
931,Cybersecurity Analyst,Improve Python
932,Data Scientist,Improve Python
936,Software Engineer,Master SQL
943,Machine Learning Engineer,Master SQL
948,Cloud Engineer,Strengthen Cybersecurity
955,Software Engineer,Strengthen Cybersecurity
956,Data Analyst,Advance in DevOps
964,Database Administrator,Deepen AI knowledge
972,Business Intelligence Analyst,Learn ML
975,Database Administrator,Strengthen Cybersecurity
979,Business Intelligence Analyst,Master SQL
983,Cloud Engineer,Enhance Data Visualization
987,Machine Learning Engineer,Boost Cloud Skills
994,Cloud Engineer,Advance in DevOps
997,AI Specialist,Optimize Databases
910,DevOps Engineer,Boost Cloud Skills
915,Business Intelligence Analyst,Optimize Databases
927,Data Scientist,Optimize Databases
941,AI Specialist,Strengthen Cybersecurity
942,Data Scientist,Explore BI Tools
954,Business Intelligence Analyst,Deepen AI knowledge
958,Data Analyst,Improve Python
965,Business Intelligence Analyst,Improve Python
967,Software Engineer,Boost Cloud Skills
978,Cybersecurity Analyst,Deepen AI knowledge
